2026-03-30 14:43:40.692426,2
2026-03-30 14:45:47.442755,1
2026-03-30 14:46:25.664019,1
2026-03-30 14:46:44.039126,1
2026-03-30 14:46:58.838638,2
2026-03-30 14:48:03.049121,2
2026-03-31 12:52:28.118309,8
2026-03-31 12:53:06.309543,2
2026-03-31 12:59:42.847211,8
2026-03-31 13:00:04.425286,2
2026-03-31 13:00:22.429546,0
2026-03-31 13:00:22.601338,1
2026-03-31 13:00:22.817196,1
2026-03-31 13:00:22.994015,2
2026-03-31 13:00:23.161032,1
2026-03-31 13:00:23.339541,1
2026-03-31 13:00:23.475877,2
2026-03-31 13:00:23.679861,2
2026-03-31 13:00:23.858622,2
2026-03-31 13:00:24.036769,1
2026-03-31 13:00:24.203428,1
2026-03-31 13:00:24.378945,3
2026-03-31 13:00:24.574233,2
2026-03-31 13:00:24.766082,2
2026-03-31 13:00:24.945036,2
2026-03-31 13:00:25.139289,2
2026-03-31 13:00:25.286111,2
2026-03-31 13:00:25.430829,1
2026-03-31 13:00:25.613915,2
2026-03-31 13:00:25.788057,2
2026-03-31 13:00:25.950638,2
2026-03-31 13:00:26.130446,3
2026-03-31 13:00:26.291718,2
2026-03-31 13:00:26.453891,2
2026-03-31 13:00:26.634196,2
2026-03-31 13:00:26.790055,2
2026-03-31 13:00:26.943725,3
2026-03-31 13:00:27.120082,3
2026-03-31 13:00:27.265738,2
2026-03-31 13:00:27.413677,3
2026-03-31 13:00:27.667317,3
2026-03-31 13:00:27.822843,2
2026-03-31 13:00:27.973009,2
2026-03-31 13:00:28.150360,2
2026-03-31 13:00:28.308620,2
2026-03-31 13:00:28.455548,2
2026-03-31 13:00:28.630453,2
2026-03-31 13:00:28.785676,3
2026-03-31 13:00:28.933995,2
2026-03-31 13:00:29.106504,2
2026-03-31 13:00:29.273792,2
2026-03-31 13:00:29.412921,3
2026-03-31 13:00:29.564408,1
2026-03-31 13:00:29.736160,2
2026-03-31 13:00:29.878710,2
2026-03-31 13:00:30.023839,3
2026-03-31 13:00:30.202230,1
2026-03-31 13:00:30.352080,2
2026-03-31 13:00:30.490319,2
2026-03-31 13:00:30.667542,2
2026-03-31 13:00:30.817799,2
2026-03-31 13:00:30.965794,3
2026-03-31 13:00:31.135715,2
2026-03-31 13:00:31.295728,2
2026-03-31 13:00:31.439596,2
2026-03-31 13:00:31.601917,2
2026-03-31 13:00:31.761988,2
2026-03-31 13:00:31.901574,2
2026-03-31 13:00:32.051214,3
2026-03-31 13:00:32.226946,2
2026-03-31 13:00:32.370013,2
2026-03-31 13:00:32.513543,2
2026-03-31 13:00:32.773617,1
2026-03-31 13:00:32.986416,2
2026-03-31 13:00:33.167798,1
2026-03-31 13:00:33.352354,2
2026-03-31 13:00:33.520966,1
2026-03-31 13:00:33.753514,2
2026-03-31 13:00:33.931173,2
2026-03-31 13:00:34.115424,2
2026-03-31 13:00:34.312161,2
2026-03-31 13:00:34.544734,2
2026-03-31 13:00:34.719059,2
2026-03-31 13:00:34.888593,4
2026-03-31 13:00:35.050555,2
2026-03-31 13:00:35.271080,2
2026-03-31 13:00:35.425061,2
2026-03-31 13:00:35.584898,1
2026-03-31 13:00:35.773388,1
2026-03-31 13:00:35.927913,2
2026-03-31 13:00:36.068113,1
2026-03-31 13:00:36.246348,1
2026-03-31 13:00:36.415241,2
2026-03-31 13:00:36.586980,2
2026-03-31 13:00:36.789108,1
2026-03-31 13:00:36.972852,2
2026-03-31 13:00:37.179356,2
2026-03-31 13:00:37.392078,2
2026-03-31 13:00:37.562803,2
2026-03-31 13:00:37.766040,3
2026-03-31 13:00:37.951996,3
2026-03-31 13:00:38.156606,2
2026-03-31 13:00:38.330537,2
2026-03-31 13:00:38.489238,2
2026-03-31 13:00:38.639579,2
2026-03-31 13:00:38.818429,2
2026-03-31 13:00:38.998654,1
2026-03-31 13:00:39.144511,2
2026-03-31 13:00:39.318924,2
2026-03-31 13:00:39.475735,2
2026-03-31 13:00:39.622150,2
2026-03-31 13:00:39.793193,2
2026-03-31 13:00:39.963479,1
2026-03-31 13:00:40.105739,1
2026-03-31 13:00:40.276174,2
2026-03-31 13:00:40.419789,2
2026-03-31 13:00:40.646921,2
2026-03-31 13:00:40.817973,2
2026-03-31 13:00:40.964293,2
2026-03-31 13:00:41.103536,1
2026-03-31 13:00:41.271232,1
2026-03-31 13:00:41.446399,2
2026-03-31 13:00:41.582407,1
2026-03-31 13:00:41.744869,1
2026-03-31 13:00:41.888534,0
2026-03-31 13:00:42.032788,1
2026-03-31 13:00:42.209805,1
2026-03-31 13:00:42.371402,1
2026-03-31 13:00:42.520540,1
2026-03-31 13:00:42.705557,1
2026-03-31 13:00:42.868463,1
2026-03-31 13:00:43.017258,1
2026-03-31 13:00:43.159374,1
2026-03-31 13:00:43.335326,1
2026-03-31 13:00:43.483527,1
2026-03-31 13:00:43.623754,1
2026-03-31 13:00:43.794569,1
2026-03-31 13:00:43.941775,1
2026-03-31 13:00:44.083252,1
2026-03-31 13:00:44.244467,1
2026-03-31 13:00:44.404690,1
2026-03-31 13:00:44.546961,1
2026-03-31 13:00:44.685327,1
2026-03-31 13:00:44.858738,1
2026-03-31 13:00:45.003569,1
2026-03-31 13:00:45.139245,1
2026-03-31 13:00:45.304730,1
2026-03-31 13:00:45.449727,1
2026-03-31 13:00:45.591575,1
2026-03-31 13:00:45.746795,1
2026-03-31 13:00:45.904559,1
2026-03-31 13:00:46.044119,1
2026-03-31 13:00:46.186316,1
2026-03-31 13:00:46.354960,1
2026-03-31 13:00:46.492132,1
2026-03-31 13:00:46.636314,1
2026-03-31 13:00:46.798006,1
2026-03-31 13:00:46.951114,1
2026-03-31 13:00:47.089914,1
2026-03-31 13:00:47.237194,1
2026-03-31 13:00:47.472255,1
2026-03-31 13:00:47.611924,1
2026-03-31 13:00:47.777231,1
2026-03-31 13:00:47.932656,1
2026-03-31 13:00:48.069935,1
2026-03-31 13:00:48.218197,1
2026-03-31 13:00:48.382369,1
2026-03-31 13:00:48.523749,1
2026-03-31 13:00:48.661653,1
2026-03-31 13:00:48.846150,1
2026-03-31 13:00:48.988514,1
2026-03-31 13:00:49.127905,1
2026-03-31 13:00:49.296961,1
2026-03-31 13:00:49.444860,1
2026-03-31 13:00:49.588822,1
2026-03-31 13:00:49.727183,1
2026-03-31 13:00:49.895825,1
2026-03-31 13:00:50.034091,1
2026-03-31 13:00:50.174554,1
2026-03-31 13:00:50.350938,1
2026-03-31 13:00:50.491870,1
2026-03-31 13:00:50.632590,1
2026-03-31 13:00:50.798496,1
2026-03-31 13:00:50.959758,1
2026-03-31 13:00:51.103851,1
2026-03-31 13:00:51.254288,1
2026-03-31 13:00:51.420643,1
2026-03-31 13:00:51.563623,1
2026-03-31 13:00:51.696931,1
2026-03-31 13:00:51.864319,2
2026-03-31 13:00:52.018140,2
2026-03-31 13:00:52.158937,1
2026-03-31 13:00:52.318087,1
2026-03-31 13:00:52.481580,2
2026-03-31 13:00:52.623398,1
2026-03-31 13:00:52.761397,1
2026-03-31 13:00:52.931963,1
2026-03-31 13:00:53.076400,1
2026-03-31 13:00:53.214133,1
2026-03-31 13:00:53.381422,1
2026-03-31 13:00:53.533534,1
2026-03-31 13:00:53.859532,1
2026-03-31 13:00:54.095645,1
2026-03-31 13:00:54.238846,1
2026-03-31 13:00:54.411550,1
2026-03-31 13:00:54.560335,1
2026-03-31 13:00:54.701420,1
2026-03-31 13:00:54.853563,1
2026-03-31 13:00:55.024511,1
2026-03-31 13:00:55.165761,1
2026-03-31 13:00:55.328380,1
2026-03-31 13:00:55.494784,1
2026-03-31 13:00:55.647503,1
2026-03-31 13:00:55.798175,2
2026-03-31 13:00:55.970286,2
2026-03-31 13:00:56.120262,2
2026-03-31 13:00:56.283276,2
2026-03-31 13:00:56.477684,1
2026-03-31 13:00:56.628260,1
2026-03-31 13:00:56.812599,1
2026-03-31 13:00:57.003105,1
2026-03-31 13:00:57.176914,2
2026-03-31 13:00:57.391226,1
2026-03-31 13:00:57.570024,2
2026-03-31 13:00:57.709250,1
2026-03-31 13:00:57.861009,1
2026-03-31 13:00:58.025590,1
2026-03-31 13:00:58.196139,1
2026-03-31 13:00:58.392791,1
2026-03-31 13:00:58.574159,1
2026-03-31 13:00:58.736130,1
2026-03-31 13:00:58.917481,1
2026-03-31 13:00:59.088836,1
2026-03-31 13:00:59.245025,2
2026-03-31 13:00:59.418358,1
2026-03-31 13:00:59.569057,1
2026-03-31 13:00:59.721035,1
2026-03-31 13:00:59.866264,1
2026-03-31 13:01:00.043037,2
2026-03-31 13:01:00.190359,2
2026-03-31 13:01:00.336087,0
2026-03-31 13:01:00.508881,1
2026-03-31 13:01:00.688494,0
2026-03-31 13:01:00.866739,0
2026-03-31 13:01:01.058798,2
2026-03-31 13:01:01.292277,2
2026-03-31 13:01:01.465385,1
2026-03-31 13:01:01.630090,2
2026-03-31 13:01:01.792548,1
2026-03-31 13:01:01.982168,2
2026-03-31 13:01:02.142630,2
2026-03-31 13:01:02.301951,2
2026-03-31 13:01:02.481230,2
2026-03-31 13:01:02.632965,2
2026-03-31 13:01:02.785821,2
2026-03-31 13:01:02.975557,2
2026-03-31 13:01:03.119282,2
2026-03-31 13:01:03.272274,1
2026-03-31 13:01:03.454582,2
2026-03-31 13:01:03.613183,2
2026-03-31 13:01:03.757323,2
2026-03-31 13:01:03.935691,2
2026-03-31 13:01:04.086078,2
2026-03-31 13:01:04.230891,2
2026-03-31 13:01:04.393263,1
2026-03-31 13:01:04.552651,2
2026-03-31 13:01:04.691649,1
2026-03-31 13:01:04.839685,1
2026-03-31 13:01:05.015364,2
2026-03-31 13:01:05.157940,2
2026-03-31 13:01:05.297653,2
2026-03-31 13:01:05.476220,2
2026-03-31 13:01:05.622203,2
2026-03-31 13:01:05.761161,1
2026-03-31 13:01:05.938155,2
2026-03-31 13:01:06.085777,2
2026-03-31 13:01:06.224569,2
2026-03-31 13:01:06.384266,2
2026-03-31 13:01:06.549377,2
2026-03-31 13:01:06.700083,2
2026-03-31 13:01:06.881136,2
2026-03-31 13:01:07.068955,2
2026-03-31 13:01:07.222773,2
2026-03-31 13:01:07.391331,2
2026-03-31 13:01:07.636329,2
2026-03-31 13:01:07.774176,1
2026-03-31 13:01:07.943411,2
2026-03-31 13:01:08.094892,2
2026-03-31 13:01:08.241697,2
2026-03-31 13:01:08.438045,1
2026-03-31 13:01:08.584894,2
2026-03-31 13:01:08.730143,1
2026-03-31 13:01:08.902951,2
2026-03-31 13:01:09.065285,2
2026-03-31 13:01:09.219909,2
2026-03-31 13:01:09.397312,2
2026-03-31 13:01:09.577687,1
2026-03-31 13:01:09.729045,2
2026-03-31 13:01:09.897918,2
2026-03-31 13:01:10.071600,1
2026-03-31 13:01:10.222093,1
2026-03-31 13:01:10.382562,1
2026-03-31 13:01:10.818366,2
2026-03-31 13:07:28.133686,8
2026-03-31 13:07:46.616754,2
2026-03-31 13:08:12.398812,2
2026-03-31 13:08:12.554134,2
2026-03-31 13:08:12.712690,2
2026-03-31 13:08:12.871974,2
2026-03-31 13:08:13.025334,3
2026-03-31 13:08:13.182617,3
2026-03-31 13:08:13.331503,2
2026-03-31 13:08:13.494920,2
2026-03-31 13:08:13.667271,2
2026-03-31 13:08:13.839162,2
2026-03-31 13:08:14.032961,2
2026-03-31 13:08:14.208331,2
2026-03-31 13:08:14.367698,2
2026-03-31 13:08:14.557870,2
2026-03-31 13:08:14.740267,2
2026-03-31 13:08:14.900978,2
2026-03-31 13:08:15.106401,2
2026-03-31 13:08:15.274224,1
2026-03-31 13:08:15.429251,2
2026-03-31 13:08:15.612045,2
2026-03-31 13:08:15.764001,2
2026-03-31 13:08:15.910355,2
2026-03-31 13:08:16.098708,2
2026-03-31 13:08:16.253124,2
2026-03-31 13:08:16.394565,2
2026-03-31 13:08:16.565117,1
2026-03-31 13:08:16.718174,2
2026-03-31 13:08:16.870952,2
2026-03-31 13:08:17.030023,2
2026-03-31 13:08:17.196006,2
2026-03-31 13:08:17.344531,1
2026-03-31 13:08:17.494168,2
2026-03-31 13:08:17.674704,1
2026-03-31 13:08:17.831034,1
2026-03-31 13:08:17.977070,2
2026-03-31 13:08:18.237891,2
2026-03-31 13:08:18.388871,2
2026-03-31 13:08:18.569329,2
2026-03-31 13:08:18.734323,2
2026-03-31 13:08:18.909968,2
2026-03-31 13:08:19.102198,3
2026-03-31 13:08:19.257433,2
2026-03-31 13:08:19.427048,2
2026-03-31 13:08:19.600011,2
2026-03-31 13:08:19.763036,2
2026-03-31 13:08:19.924232,2
2026-03-31 13:08:20.096807,2
2026-03-31 13:08:20.266327,2
2026-03-31 13:08:20.421489,1
2026-03-31 13:08:20.598805,2
2026-03-31 13:08:20.758603,3
2026-03-31 13:08:20.949060,3
2026-03-31 13:08:21.147287,1
2026-03-31 13:08:21.316671,1
2026-03-31 13:08:21.509195,3
2026-03-31 13:08:21.705340,3
2026-03-31 13:08:21.873338,2
2026-03-31 13:08:22.056763,1
2026-03-31 13:08:22.226078,2
2026-03-31 13:08:22.378746,2
2026-03-31 13:08:22.517362,3
2026-03-31 13:08:22.691967,2
2026-03-31 13:08:22.828324,3
2026-03-31 13:08:23.009945,2
2026-03-31 13:08:23.183328,2
2026-03-31 13:08:23.327331,1
2026-03-31 13:08:23.468822,1
2026-03-31 13:08:23.641213,1
2026-03-31 13:08:23.787819,2
2026-03-31 13:08:23.951478,2
2026-03-31 13:08:24.119550,1
2026-03-31 13:08:24.342664,2
2026-03-31 13:08:24.480541,0
2026-03-31 13:08:24.651232,2
2026-03-31 13:08:24.830319,1
2026-03-31 13:08:24.981126,1
2026-03-31 13:08:25.171328,2
2026-03-31 13:08:25.347210,3
2026-03-31 13:08:25.499542,1
2026-03-31 13:08:25.678920,2
2026-03-31 13:08:25.822352,1
2026-03-31 13:08:25.975878,2
2026-03-31 13:08:26.151786,2
2026-03-31 13:08:26.316836,2
2026-03-31 13:08:26.509213,1
2026-03-31 13:08:26.693015,2
2026-03-31 13:08:26.859639,1
2026-03-31 13:08:27.017892,2
2026-03-31 13:08:27.192806,2
2026-03-31 13:08:27.361581,2
2026-03-31 13:08:27.542434,2
2026-03-31 13:08:27.796045,2
2026-03-31 13:08:28.067564,1
2026-03-31 13:08:28.276957,1
2026-03-31 13:08:28.492157,2
2026-03-31 13:08:28.692441,2
2026-03-31 13:08:28.876587,2
2026-03-31 13:08:29.060791,2
2026-03-31 13:08:29.280176,2
2026-03-31 13:08:29.517858,2
2026-03-31 13:08:29.735129,2
2026-03-31 13:08:29.928193,2
2026-03-31 13:08:30.151422,2
2026-03-31 13:08:30.332844,2
2026-03-31 13:08:30.507579,2
2026-03-31 13:08:30.764254,2
2026-03-31 13:08:30.941938,2
2026-03-31 13:08:31.127742,2
2026-03-31 13:08:31.318606,1
2026-03-31 13:08:31.518747,1
2026-03-31 13:08:31.741684,2
2026-03-31 13:08:31.908478,2
2026-03-31 13:08:32.076996,3
2026-03-31 13:08:32.309594,2
2026-03-31 13:08:32.477386,2
2026-03-31 13:08:32.643810,1
2026-03-31 13:08:32.818767,2
2026-03-31 13:08:32.965647,1
2026-03-31 13:08:33.149118,3
2026-03-31 13:08:33.330344,2
2026-03-31 13:08:33.560639,2
2026-03-31 13:08:33.730704,2
2026-03-31 13:08:33.892058,2
2026-03-31 13:08:34.042584,2
2026-03-31 13:08:34.219467,2
2026-03-31 13:08:34.369745,2
2026-03-31 13:08:34.534073,1
2026-03-31 13:08:34.728205,1
2026-03-31 13:08:34.911620,2
2026-03-31 13:08:35.095334,2
2026-03-31 13:08:35.347416,2
2026-03-31 13:08:35.578132,1
2026-03-31 13:08:35.953319,2
2026-03-31 13:08:36.170975,3
2026-03-31 13:08:36.424037,3
2026-03-31 13:08:36.622349,2
2026-03-31 13:08:36.903833,2
2026-03-31 13:08:37.084874,1
2026-03-31 13:08:37.296024,2
2026-03-31 13:08:37.499474,3
2026-03-31 13:08:37.719899,2
2026-03-31 13:08:37.902259,2
2026-03-31 13:08:38.081059,1
2026-03-31 13:08:38.297260,3
2026-03-31 13:08:38.454481,3
2026-03-31 13:08:38.646004,2
2026-03-31 13:08:38.870955,3
2026-03-31 13:08:39.013860,2
2026-03-31 13:08:39.176049,2
2026-03-31 13:08:39.385391,3
2026-03-31 13:08:39.794533,1
2026-03-31 13:08:40.046040,3
2026-03-31 13:08:40.338729,1
2026-03-31 13:08:40.519218,2
2026-03-31 13:08:40.771789,2
2026-03-31 13:08:40.972969,2
2026-03-31 13:08:41.209507,2
2026-03-31 13:08:41.452659,2
2026-03-31 13:08:41.633493,2
2026-03-31 13:08:41.816149,2
2026-03-31 13:08:41.965871,2
2026-03-31 13:08:42.121779,2
2026-03-31 13:08:42.376613,1
2026-03-31 13:08:42.525707,2
2026-03-31 13:10:38.988222,1
2026-03-31 13:10:39.147375,2
2026-03-31 13:10:39.300236,2
2026-03-31 13:10:39.494279,0
2026-03-31 13:10:39.730399,2
2026-03-31 13:10:39.976986,1
2026-03-31 13:10:40.217398,1
2026-03-31 13:10:40.380635,3
2026-03-31 13:10:40.598120,2
2026-03-31 13:10:40.772501,2
2026-03-31 13:10:40.913035,2
2026-03-31 13:10:41.113473,2
2026-03-31 13:10:41.282215,2
2026-03-31 13:10:41.418825,1
2026-03-31 13:10:41.616964,2
2026-03-31 13:10:41.782518,2
2026-03-31 13:10:41.925705,1
2026-03-31 13:10:42.064496,1
2026-03-31 13:10:42.258502,2
2026-03-31 13:10:42.398886,2
2026-03-31 13:10:42.541079,3
2026-03-31 13:10:42.717973,3
2026-03-31 13:10:42.893667,3
2026-03-31 13:10:43.031001,3
2026-03-31 13:10:43.198565,2
2026-03-31 13:10:43.354217,1
2026-03-31 13:10:43.513179,1
2026-03-31 13:10:43.702153,1
2026-03-31 13:10:43.835039,1
2026-03-31 13:10:43.978106,1
2026-03-31 13:10:44.153615,1
2026-03-31 13:10:44.322277,1
2026-03-31 13:10:44.500135,1
2026-03-31 13:10:44.673031,1
2026-03-31 13:10:44.858500,1
2026-03-31 13:10:45.086284,1
2026-03-31 13:10:45.277663,1
2026-03-31 13:10:45.431631,1
2026-03-31 13:10:45.567435,1
2026-03-31 13:10:45.739787,1
2026-03-31 13:10:45.870342,1
2026-03-31 13:10:46.011084,1
2026-03-31 13:10:46.180780,1
2026-03-31 13:10:46.329791,2
2026-03-31 13:10:46.474270,1
2026-03-31 13:10:46.625986,2
2026-03-31 13:10:46.791533,3
2026-03-31 13:10:46.926254,2
2026-03-31 13:10:47.060043,2
2026-03-31 13:10:47.232161,2
2026-03-31 13:10:47.368195,2
2026-03-31 13:10:47.499005,2
2026-03-31 13:10:47.645045,1
2026-03-31 13:10:47.797439,1
2026-03-31 13:10:47.938338,1
2026-03-31 13:10:48.087693,1
2026-03-31 13:10:48.544042,2
2026-03-31 13:10:48.768372,1
2026-03-31 13:10:48.934886,1
2026-03-31 13:10:49.077277,1
2026-03-31 13:10:49.467960,1
2026-03-31 13:10:49.633874,2
2026-03-31 13:10:49.816127,1
2026-03-31 13:10:49.961219,2
2026-03-31 13:10:50.113088,2
2026-03-31 13:10:50.274225,2
2026-03-31 13:10:50.417713,2
2026-03-31 13:10:50.554716,2
2026-03-31 13:10:50.729479,2
2026-03-31 13:10:50.868575,2
2026-03-31 13:10:51.009031,3
2026-03-31 13:10:51.169757,2
2026-03-31 13:10:51.328123,2
2026-03-31 13:10:51.461748,2
2026-03-31 13:10:51.597730,3
2026-03-31 13:10:51.970325,4
2026-03-31 13:13:35.060201,3
2026-03-31 13:13:35.226600,2
2026-03-31 13:13:35.436200,2
2026-03-31 13:13:35.658143,2
2026-03-31 13:13:35.824467,2
2026-03-31 13:13:36.000142,2
2026-03-31 13:13:36.182569,3
2026-03-31 13:13:36.344920,2
2026-03-31 13:13:36.530928,2
2026-03-31 13:13:36.716957,2
2026-03-31 13:13:36.903152,2
2026-03-31 13:13:37.080014,2
2026-03-31 13:13:37.237322,3
2026-03-31 13:13:37.401410,3
2026-03-31 13:13:37.575141,2
2026-03-31 13:13:37.752450,2
2026-03-31 13:13:37.912127,3
2026-03-31 13:13:38.101677,2
2026-03-31 13:13:38.273143,2
2026-03-31 13:13:38.423624,2
2026-03-31 13:13:38.610664,2
2026-03-31 13:13:38.754373,2
2026-03-31 13:13:38.903118,2
2026-03-31 13:13:39.080346,2
2026-03-31 13:13:39.241677,2
2026-03-31 13:13:39.380324,2
2026-03-31 13:13:39.523033,2
2026-03-31 13:13:39.696185,2
2026-03-31 13:13:39.831645,2
2026-03-31 13:13:39.973644,2
2026-03-31 13:13:40.139960,2
2026-03-31 13:13:40.284529,2
2026-03-31 13:13:40.417142,2
2026-03-31 13:13:40.558672,2
2026-03-31 13:13:40.725721,2
2026-03-31 13:13:40.868103,2
2026-03-31 13:13:41.008500,2
2026-03-31 13:13:41.176278,3
2026-03-31 13:13:41.320121,2
2026-03-31 13:13:41.454753,3
2026-03-31 13:13:41.612837,3
2026-03-31 13:13:41.764422,2
2026-03-31 13:13:41.906051,2
2026-03-31 13:13:42.140248,2
2026-03-31 13:13:42.295276,2
2026-03-31 13:13:42.429504,2
2026-03-31 13:13:42.576587,2
2026-03-31 13:13:42.750133,2
2026-03-31 13:13:42.882375,2
2026-03-31 13:13:43.021685,3
2026-03-31 13:13:43.195249,4
2026-03-31 13:13:43.351186,3
2026-03-31 13:13:43.535008,3
2026-03-31 13:13:43.710926,3
2026-03-31 13:13:43.857055,3
2026-03-31 13:13:43.989475,2
2026-03-31 13:13:44.133486,2
2026-03-31 13:13:44.297750,2
2026-03-31 13:13:44.436104,3
2026-03-31 13:13:44.576717,4
2026-03-31 13:13:44.743892,5
2026-03-31 13:13:44.895945,3
2026-03-31 13:13:45.053928,4
2026-03-31 13:13:45.280422,5
2026-03-31 13:13:45.420963,3
2026-03-31 13:13:45.586751,2
2026-03-31 13:13:45.787590,2
2026-03-31 13:13:45.964038,4
2026-03-31 13:13:46.125018,6
2026-03-31 13:13:46.299861,5
2026-03-31 13:13:46.464475,5
2026-03-31 13:13:46.620927,4
2026-03-31 13:13:46.790781,5
2026-03-31 13:13:46.945241,3
2026-03-31 13:13:47.104595,4
2026-03-31 13:13:47.265844,3
2026-03-31 13:13:47.417921,4
2026-03-31 13:13:47.564969,3
2026-03-31 13:13:47.775774,3
2026-03-31 13:13:48.125056,3
2026-03-31 13:13:48.565319,4
2026-03-31 13:13:48.750861,3
2026-03-31 13:14:33.737967,0
2026-03-31 13:14:33.889195,0
2026-03-31 13:14:34.046532,0
2026-03-31 13:14:34.204813,0
2026-03-31 13:14:34.370761,1
2026-03-31 13:14:34.553372,3
2026-03-31 13:14:34.707212,2
2026-03-31 13:14:34.879898,2
2026-03-31 13:14:35.073841,2
2026-03-31 13:14:35.235207,2
2026-03-31 13:14:35.418705,2
2026-03-31 13:14:35.596,2
2026-03-31 13:14:35.736580,2
2026-03-31 13:14:35.907703,3
2026-03-31 13:14:36.057372,4
2026-03-31 13:14:36.197530,3
2026-03-31 13:14:36.348043,2
2026-03-31 13:14:36.515338,3
2026-03-31 13:14:36.658021,3
2026-03-31 13:14:36.797468,3
2026-03-31 13:14:36.968411,3
2026-03-31 13:14:37.109661,2
2026-03-31 13:14:37.248728,2
2026-03-31 13:14:37.413855,3
2026-03-31 13:14:37.559214,3
2026-03-31 13:14:37.699079,4
2026-03-31 13:14:37.861526,3
2026-03-31 13:14:38.026101,3
2026-03-31 13:14:38.165831,3
2026-03-31 13:14:38.311534,3
2026-03-31 13:14:38.485816,3
2026-03-31 13:14:38.624680,4
2026-03-31 13:14:38.762690,4
2026-03-31 13:14:38.941633,3
2026-03-31 13:14:39.076766,2
2026-03-31 13:14:39.213982,2
2026-03-31 13:14:39.371329,3
2026-03-31 13:14:39.522834,3
2026-03-31 13:14:39.772621,3
2026-03-31 13:14:39.987772,4
2026-03-31 13:14:40.160058,4
2026-03-31 13:14:40.350338,5
2026-03-31 13:14:40.550720,3
2026-03-31 13:14:40.731886,3
2026-03-31 13:14:40.930969,3
2026-03-31 13:14:41.143377,3
2026-03-31 13:14:41.419730,2
2026-03-31 13:14:41.610220,4
2026-03-31 13:14:42.045461,3
2026-03-31 13:14:42.198169,4
2026-03-31 13:14:42.356889,3
2026-03-31 13:14:42.530668,3
2026-03-31 13:14:42.671098,2
2026-03-31 13:14:42.817155,3
2026-03-31 13:14:43.017424,4
2026-03-31 13:14:43.160322,4
2026-03-31 13:14:43.312776,4
2026-03-31 13:14:43.511619,3
2026-03-31 13:14:43.661936,3
2026-03-31 13:14:43.868548,3
2026-03-31 13:14:44.113502,3
2026-03-31 13:14:44.298889,4
2026-03-31 13:14:44.494496,3
2026-03-31 13:14:44.670581,4
2026-03-31 13:14:44.828362,3
2026-03-31 13:14:45.021321,3
2026-03-31 13:14:45.181220,3
2026-03-31 13:14:45.336564,4
2026-03-31 13:14:45.528478,2
2026-03-31 13:14:45.679447,3
2026-03-31 13:14:45.838462,3
2026-03-31 13:14:46.021774,3
2026-03-31 13:14:46.171055,3
2026-03-31 13:14:46.313203,3
2026-03-31 13:14:46.494861,3
2026-03-31 13:14:46.644365,3
2026-03-31 13:14:46.790475,4
2026-03-31 13:14:46.960582,3
2026-03-31 13:14:47.146290,3
2026-03-31 13:14:47.325439,4
2026-03-31 13:14:47.581898,3
2026-03-31 13:14:47.943788,3
2026-03-31 13:15:33.913603,0
2026-03-31 13:15:34.094853,0
2026-03-31 13:15:34.316802,0
2026-03-31 13:15:34.507279,0
2026-03-31 13:15:34.650732,0
2026-03-31 13:15:34.825714,0
2026-03-31 13:15:34.988893,1
2026-03-31 13:15:35.162392,1
2026-03-31 13:15:35.356424,1
2026-03-31 13:15:35.553764,0
2026-03-31 13:15:35.755883,0
2026-03-31 13:15:35.956592,1
2026-03-31 13:15:36.132848,2
2026-03-31 13:15:36.296481,1
2026-03-31 13:15:36.483292,2
2026-03-31 13:15:36.683325,3
2026-03-31 13:15:36.908331,4
2026-03-31 13:15:37.060769,3
2026-03-31 13:15:37.210414,5
2026-03-31 13:15:37.372297,3
2026-03-31 13:15:37.521677,5
2026-03-31 13:15:37.667781,4
2026-03-31 13:15:37.822241,5
2026-03-31 13:15:37.994378,4
2026-03-31 13:15:38.126831,4
2026-03-31 13:15:38.262606,4
2026-03-31 13:15:38.431832,5
2026-03-31 13:15:38.569872,3
2026-03-31 13:15:38.708971,3
2026-03-31 13:15:38.865921,3
2026-03-31 13:15:39.021192,5
2026-03-31 13:15:39.156380,6
2026-03-31 13:15:39.291618,4
2026-03-31 13:15:39.457704,7
2026-03-31 13:15:39.608171,4
2026-03-31 13:15:39.863511,1
2026-03-31 13:15:40.089241,6
2026-03-31 13:15:40.232499,6
2026-03-31 13:15:40.417554,6
2026-03-31 13:15:40.571052,5
2026-03-31 13:15:40.706491,5
2026-03-31 13:15:40.931225,3
2026-03-31 13:15:41.071633,3
2026-03-31 13:15:41.202353,4
2026-03-31 13:15:41.348503,1
2026-03-31 13:15:41.522870,1
2026-03-31 13:15:41.690,1
2026-03-31 13:15:41.855752,2
2026-03-31 13:15:42.020781,2
2026-03-31 13:15:42.155428,1
2026-03-31 13:15:42.296386,1
2026-03-31 13:15:42.471704,2
2026-03-31 13:15:42.611927,1
2026-03-31 13:15:42.758718,1
2026-03-31 13:15:42.955619,0
2026-03-31 13:15:43.121354,1
2026-03-31 13:15:43.299108,4
2026-03-31 13:15:43.522721,0
2026-03-31 13:15:43.682946,1
2026-03-31 13:15:43.833185,0
2026-03-31 13:15:44.000898,1
2026-03-31 13:15:44.154180,3
2026-03-31 13:15:44.293389,0
2026-03-31 13:15:44.463595,0
2026-03-31 13:15:44.606708,1
2026-03-31 13:15:44.760997,3
2026-03-31 13:15:44.980947,2
2026-03-31 13:15:45.138898,1
2026-03-31 13:15:45.274329,1
2026-03-31 13:15:45.445982,2
2026-03-31 13:15:45.617089,2
2026-03-31 13:15:45.758383,1
2026-03-31 13:15:45.911524,1
2026-03-31 13:15:46.081020,0
2026-03-31 13:15:46.214830,2
2026-03-31 13:15:46.379949,1
2026-03-31 13:15:46.552140,1
2026-03-31 13:15:46.716476,1
2026-03-31 13:15:46.846695,0
2026-03-31 13:15:47.031551,0
2026-03-31 13:15:47.263648,1
2026-03-31 13:15:47.452788,3
2026-03-31 13:15:47.634493,2
2026-03-31 13:15:47.791943,2
2026-03-31 13:15:47.960331,2
2026-03-31 13:15:48.126341,2
2026-03-31 13:15:48.265216,2
2026-03-31 13:15:48.419002,2
2026-03-31 13:15:48.594355,2
2026-03-31 13:15:48.749244,1
2026-03-31 13:15:48.893422,1
2026-03-31 13:15:49.059145,0
2026-03-31 13:15:49.209532,0
2026-03-31 13:15:49.345086,1
2026-03-31 13:15:49.533224,0
2026-03-31 13:15:49.692252,3
2026-03-31 13:15:49.861274,2
2026-03-31 13:15:50.050934,3
2026-03-31 13:15:50.228820,4
2026-03-31 13:15:50.430047,3
2026-03-31 13:15:50.955489,3
2026-03-31 13:15:51.140622,4
2026-03-31 13:15:51.286874,3
2026-03-31 13:15:51.439328,2
2026-03-31 13:15:51.608300,4
2026-03-31 13:15:51.750430,4
2026-03-31 13:15:51.894652,4
2026-03-31 13:15:52.070479,3
2026-03-31 13:15:52.216551,2
2026-03-31 13:15:52.358206,3
2026-03-31 13:15:52.526772,5
2026-03-31 13:15:52.668376,4
2026-03-31 13:15:52.814431,3
2026-03-31 13:15:52.955479,2
2026-03-31 13:15:53.119940,2
2026-03-31 13:15:53.403469,1
2026-03-31 13:15:53.586982,0
2026-03-31 13:15:53.739331,1
2026-03-31 13:15:53.932598,0
2026-03-31 13:15:54.118521,0
2026-03-31 13:15:54.295507,2
2026-03-31 13:15:54.493053,1
2026-03-31 13:15:54.686380,1
2026-03-31 13:15:55.367887,6
2026-03-31 13:15:55.588377,5
2026-03-31 13:15:55.761014,6
2026-03-31 13:15:55.907528,1
2026-03-31 13:15:56.062375,0
2026-03-31 13:15:56.236813,2
2026-03-31 13:15:56.407325,2
2026-03-31 13:15:56.601266,1
2026-03-31 13:15:56.786018,2
2026-03-31 13:15:56.947709,1
2026-03-31 13:15:57.113673,2
2026-03-31 13:15:57.282271,2
2026-03-31 13:15:57.429707,3
2026-03-31 13:15:57.591987,3
2026-03-31 13:15:57.749804,2
2026-03-31 13:15:57.885947,3
2026-03-31 13:15:58.023887,3
2026-03-31 13:15:58.199194,2
2026-03-31 13:15:58.361222,4
2026-03-31 13:15:58.496550,1
2026-03-31 13:15:58.675741,2
2026-03-31 13:15:58.822884,3
2026-03-31 13:15:58.974075,1
2026-03-31 13:15:59.151749,4
2026-03-31 13:15:59.295029,1
2026-03-31 13:15:59.426384,3
2026-03-31 13:15:59.616632,3
2026-03-31 13:15:59.762033,2
2026-03-31 13:15:59.928832,4
2026-03-31 13:16:00.090270,3
2026-03-31 13:16:00.255504,1
2026-03-31 13:16:00.430181,3
2026-03-31 13:16:00.601809,4
2026-03-31 13:16:00.792290,2
2026-03-31 13:16:00.952726,4
2026-03-31 13:16:01.120340,2
2026-03-31 13:16:01.293917,2
2026-03-31 13:16:01.427759,2
2026-03-31 13:16:01.685051,4
2026-03-31 13:16:01.848259,5
2026-03-31 13:16:02.008546,2
2026-03-31 13:16:02.178730,1
2026-03-31 13:16:02.318122,2
2026-03-31 13:16:02.450971,3
2026-03-31 13:16:02.648669,2
2026-04-02 09:27:16.595688,0
2026-04-02 09:27:16.930249,1
2026-04-02 09:27:17.237770,1
2026-04-02 09:27:17.502038,1
2026-04-02 09:27:17.684886,1
2026-04-02 09:27:17.871698,1
2026-04-02 09:27:18.068694,1
2026-04-02 09:27:18.251345,1
2026-04-02 09:27:18.433029,1
2026-04-02 09:27:18.573145,1
2026-04-02 09:27:18.736852,1
2026-04-02 09:27:18.897259,1
2026-04-02 09:27:19.039051,1
2026-04-02 09:27:19.183332,1
2026-04-02 09:27:19.348896,1
2026-04-02 09:27:19.504691,1
2026-04-02 09:27:19.647615,1
2026-04-02 09:27:19.801316,1
2026-04-02 09:27:19.947511,1
2026-04-02 09:27:20.093572,1
2026-04-02 09:27:20.241458,1
2026-04-02 09:27:20.388779,1
2026-04-02 09:27:20.551394,1
2026-04-02 09:27:20.776634,1
2026-04-02 09:27:20.938191,1
2026-04-02 09:27:21.102771,1
2026-04-02 09:27:21.260522,1
2026-04-02 09:27:21.416827,1
2026-04-02 09:27:21.552300,1
2026-04-02 09:27:21.694826,1
2026-04-02 09:27:21.861906,1
2026-04-02 09:27:22.017120,1
2026-04-02 09:27:22.182325,1
2026-04-02 09:27:22.348119,1
2026-04-02 09:27:22.510571,1
2026-04-02 09:27:22.662592,1
2026-04-02 09:27:22.813828,1
2026-04-02 09:27:22.960807,1
2026-04-02 09:27:23.100848,1
2026-04-02 09:27:23.251715,1
2026-04-02 09:27:23.401056,1
2026-04-02 09:27:23.540377,1
2026-04-02 09:27:23.708823,1
2026-04-02 09:27:23.888005,1
2026-04-02 09:27:24.022017,1
2026-04-02 09:27:37.939057,0
2026-04-02 09:27:56.690821,1
2026-04-02 09:28:19.457046,0
2026-04-02 09:28:54.903894,0
2026-04-02 09:29:06.983195,1
2026-04-02 09:29:07.167933,2
2026-04-02 09:29:07.357561,2
2026-04-02 09:29:07.515097,0
2026-04-02 09:29:07.702257,2
2026-04-02 09:29:07.934684,1
2026-04-02 09:29:08.086322,1
2026-04-02 09:29:08.233149,3
2026-04-02 09:29:08.371698,2
2026-04-02 09:29:08.504757,2
2026-04-02 09:29:08.659683,2
2026-04-02 09:29:08.816260,2
2026-04-02 09:29:08.960281,2
2026-04-02 09:29:09.118779,1
2026-04-02 09:29:09.249527,2
2026-04-02 09:29:09.388545,2
2026-04-02 09:29:09.521268,1
2026-04-02 09:29:09.663828,1
2026-04-02 09:29:09.805991,2
2026-04-02 09:29:09.948805,2
2026-04-02 09:29:10.086539,3
2026-04-02 09:29:10.217351,3
2026-04-02 09:29:10.354224,3
2026-04-02 09:29:10.482633,3
2026-04-02 09:29:10.616765,2
2026-04-02 09:29:10.746570,1
2026-04-02 09:29:10.885417,1
2026-04-02 09:29:11.013271,1
2026-04-02 09:29:11.142404,1
2026-04-02 09:29:11.269868,1
2026-04-02 09:29:11.398235,1
2026-04-02 09:29:11.524151,1
2026-04-02 09:29:11.654287,1
2026-04-02 09:29:11.782251,1
2026-04-02 09:29:11.911886,1
2026-04-02 09:29:12.069299,1
2026-04-02 09:29:12.199198,1
2026-04-02 09:29:12.342072,1
2026-04-02 09:29:12.486808,1
2026-04-02 09:29:12.617458,1
2026-04-02 09:29:12.760501,1
2026-04-02 09:29:12.916110,1
2026-04-02 09:29:13.043471,1
2026-04-02 09:29:13.174606,2
2026-04-02 09:29:13.328833,1
2026-04-02 09:29:13.459659,2
2026-04-02 09:29:13.618263,3
2026-04-02 09:29:13.741596,2
2026-04-02 09:29:13.954965,2
2026-04-02 09:29:14.094419,2
2026-04-02 09:29:14.231733,2
2026-04-02 09:29:14.404891,2
2026-04-02 09:29:14.542853,1
2026-04-02 09:29:14.675379,1
2026-04-02 09:29:14.838599,1
2026-04-02 09:29:14.974808,1
2026-04-02 09:29:15.112220,2
2026-04-02 09:29:15.237251,1
2026-04-02 09:29:15.388718,1
2026-04-02 09:29:15.534512,1
2026-04-02 09:29:15.696222,1
2026-04-02 09:29:15.833175,2
2026-04-02 09:29:15.964605,1
2026-04-02 09:29:16.106942,2
2026-04-02 09:29:16.234059,2
2026-04-02 09:29:16.371592,2
2026-04-02 09:29:16.520167,2
2026-04-02 09:29:16.669878,2
2026-04-02 09:29:16.806734,2
2026-04-02 09:29:16.936884,2
2026-04-02 09:29:17.073989,3
2026-04-02 09:29:17.197390,2
2026-04-02 09:29:17.323135,2
2026-04-02 09:29:17.454722,2
2026-04-02 09:29:17.589266,3
2026-04-02 09:29:17.743233,4
2026-04-02 09:29:17.893146,3
2026-04-02 09:29:18.020300,2
2026-04-02 09:29:18.159862,3
2026-04-02 09:29:18.286720,3
2026-04-02 09:29:18.416413,2
2026-04-02 09:29:18.543529,3
2026-04-02 09:29:18.672612,3
2026-04-02 09:29:18.804639,3
2026-04-02 09:29:18.985805,2
2026-04-02 09:29:19.127761,2
2026-04-02 09:29:19.255677,2
2026-04-02 09:29:19.387525,2
2026-04-02 09:29:19.520005,3
2026-04-02 09:29:19.645912,3
2026-04-02 09:29:19.778267,1
2026-04-02 09:29:19.903309,1
2026-04-02 09:29:20.034336,1
2026-04-02 09:29:20.165382,1
2026-04-02 09:29:20.297105,2
2026-04-02 09:29:20.427356,1
2026-04-02 09:29:20.559189,2
2026-04-02 09:29:20.686411,2
2026-04-02 09:29:20.812370,2
2026-04-02 09:29:20.942696,2
2026-04-02 09:29:21.078843,2
2026-04-02 09:29:21.202167,2
2026-04-02 09:29:21.330979,2
2026-04-02 09:29:21.460489,2
2026-04-02 09:29:21.583668,2
2026-04-02 09:29:21.714045,1
2026-04-02 09:29:21.839637,2
2026-04-02 09:29:21.976001,2
2026-04-02 09:29:22.106031,1
2026-04-02 09:29:22.239509,2
2026-04-02 09:29:22.367103,1
2026-04-02 09:29:22.498041,2
2026-04-02 09:29:22.625401,2
2026-04-02 09:29:22.751763,1
2026-04-02 09:29:22.885507,2
2026-04-02 09:29:23.015181,1
2026-04-02 09:29:23.145070,2
2026-04-02 09:29:23.271586,2
2026-04-02 09:29:23.398451,2
2026-04-02 09:29:23.529479,3
2026-04-02 09:29:23.768082,2
2026-04-02 09:29:23.894403,2
2026-04-02 09:29:24.020879,2
2026-04-02 09:29:24.153934,2
2026-04-02 09:29:24.276709,2
2026-04-02 09:29:24.410222,2
2026-04-02 09:29:24.624235,2
2026-04-02 09:29:24.764908,1
2026-04-02 09:29:24.894304,1
2026-04-02 09:29:25.030206,1
2026-04-02 09:29:25.184652,2
2026-04-02 09:29:25.313978,1
2026-04-02 09:29:25.450052,1
2026-04-02 09:29:25.579567,1
2026-04-02 09:29:25.712957,1
2026-04-02 09:29:25.850852,1
2026-04-02 09:29:25.976520,1
2026-04-02 09:29:26.105064,1
2026-04-02 09:29:26.241105,1
2026-04-02 09:29:26.376855,1
2026-04-02 09:29:26.508635,1
2026-04-02 09:29:26.646816,3
2026-04-02 09:29:26.778206,2
2026-04-02 09:29:26.902889,3
2026-04-02 09:29:27.043998,2
2026-04-02 09:29:27.167590,2
2026-04-02 09:29:27.295283,3
2026-04-02 09:29:27.443679,3
2026-04-02 09:29:27.588494,3
2026-04-02 09:29:27.718236,3
2026-04-02 09:29:27.860745,4
2026-04-02 09:29:27.992166,3
2026-04-02 09:29:28.132590,3
2026-04-02 09:29:28.266867,1
2026-04-02 09:29:28.396962,2
2026-04-02 09:29:28.559611,1
2026-04-02 09:29:28.698732,2
2026-04-02 09:29:28.829508,1
2026-04-02 09:29:28.958044,1
2026-04-02 09:29:29.109761,1
2026-04-02 09:29:29.239238,2
2026-04-02 09:29:29.368638,1
2026-04-02 09:29:29.506252,2
2026-04-02 09:29:29.636492,1
2026-04-02 09:29:29.768672,2
2026-04-02 09:29:29.900044,2
2026-04-02 09:29:30.086751,2
2026-04-02 09:29:30.218693,2
2026-04-02 09:29:30.351225,2
2026-04-02 09:29:30.485808,1
2026-04-02 09:29:30.616192,1
2026-04-02 09:29:30.743447,1
2026-04-02 09:29:30.878445,1
2026-04-02 09:29:31.003829,1
2026-04-02 09:29:31.133360,1
2026-04-02 09:29:31.258666,1
2026-04-02 09:29:31.381841,1
2026-04-02 09:29:31.508421,1
2026-04-02 09:29:31.632900,1
2026-04-02 09:29:31.766172,1
2026-04-02 09:29:31.891004,1
2026-04-02 09:29:32.018759,1
2026-04-02 09:29:32.154484,1
2026-04-02 09:29:32.282122,2
2026-04-02 09:29:32.407593,3
2026-04-02 09:29:32.534819,2
2026-04-02 09:29:32.673487,1
2026-04-02 09:29:32.798133,2
2026-04-02 09:29:32.929251,3
2026-04-02 09:29:33.060564,0
2026-04-02 09:29:33.189279,0
2026-04-02 09:29:33.316248,1
2026-04-02 09:29:33.470717,2
2026-04-02 09:29:33.607986,2
2026-04-02 09:29:33.753741,3
2026-04-02 09:29:33.909897,3
2026-04-02 09:29:34.048233,4
2026-04-02 09:29:34.196666,3
2026-04-02 09:29:34.329626,2
2026-04-02 09:29:34.459793,2
2026-04-02 09:29:34.593191,2
2026-04-02 09:29:34.726424,2
2026-04-02 09:29:34.854059,2
2026-04-02 09:29:34.981378,2
2026-04-02 09:29:35.114505,4
2026-04-02 09:29:35.245737,4
2026-04-02 09:29:35.378148,5
2026-04-02 09:29:35.503027,2
2026-04-02 09:29:35.629923,3
2026-04-02 09:29:35.829259,3
2026-04-02 09:29:35.955453,3
2026-04-02 09:29:36.087528,4
2026-04-02 09:29:36.224668,2
2026-04-02 09:29:36.354061,4
2026-04-02 09:29:36.488795,4
2026-04-02 09:29:36.631092,2
2026-04-02 09:29:36.764854,3
2026-04-02 09:29:36.895938,4
2026-04-02 09:29:37.025704,5
2026-04-02 09:29:37.166945,3
2026-04-02 09:29:37.315717,4
2026-04-02 09:29:37.452453,4
2026-04-02 09:29:37.603670,2
2026-04-02 09:29:37.764058,1
2026-04-02 09:29:37.907762,1
2026-04-02 09:29:38.044187,2
2026-04-02 09:29:38.181024,3
2026-04-02 09:29:38.310573,4
2026-04-02 09:29:38.440173,4
2026-04-02 09:29:38.590529,4
2026-04-02 09:29:38.726831,3
2026-04-02 09:29:38.866839,2
2026-04-02 09:29:38.995515,2
2026-04-02 09:29:39.140101,2
2026-04-02 09:29:39.269195,1
2026-04-02 09:29:39.394529,2
2026-04-02 09:29:39.525820,2
2026-04-02 09:29:39.661471,2
2026-04-02 09:29:39.795637,2
2026-04-02 09:29:39.927321,2
2026-04-02 09:29:40.052440,2
2026-04-02 09:29:40.189407,2
2026-04-02 09:29:40.321564,3
2026-04-02 09:29:40.447804,2
2026-04-02 09:29:40.572305,2
2026-04-02 09:29:40.702209,2
2026-04-02 09:29:40.845542,2
2026-04-02 09:29:40.998534,3
2026-04-02 09:29:41.157658,2
2026-04-02 09:29:41.314514,2
2026-04-02 09:29:41.470425,3
2026-04-02 09:29:41.628659,4
2026-04-02 09:29:41.831126,3
2026-04-02 09:29:41.995059,2
2026-04-02 09:29:42.163807,2
2026-04-02 09:29:42.322156,5
2026-04-02 09:29:42.464474,5
2026-04-02 09:29:42.619503,3
2026-04-02 09:29:42.779567,3
2026-04-02 09:29:42.994708,3
2026-04-02 09:29:43.153893,4
2026-04-02 09:29:43.308371,5
2026-04-02 09:29:43.453268,3
2026-04-02 09:29:43.599612,2
2026-04-02 09:29:43.735707,4
2026-04-02 09:29:43.863824,3
2026-04-02 09:29:44.012510,4
2026-04-02 09:29:44.146926,5
2026-04-02 09:29:44.282150,3
2026-04-02 09:29:44.467304,3
2026-04-02 09:29:44.604465,3
2026-04-02 09:29:44.737296,3
2026-04-02 09:29:44.873063,3
2026-04-02 09:29:45.025716,3
2026-04-02 09:35:28.100101,1
2026-04-02 09:37:54.893231,0
2026-04-02 09:37:55.075463,0
2026-04-02 09:37:55.272554,0
2026-04-02 09:37:55.473399,0
2026-04-02 09:37:55.663961,0
2026-04-02 09:37:55.864278,0
2026-04-02 09:37:56.065626,0
2026-04-02 09:37:56.264730,0
2026-04-02 09:37:56.451037,0
2026-04-02 09:37:56.674950,0
2026-04-02 09:37:56.860330,0
2026-04-02 09:37:57.038711,0
2026-04-02 09:37:57.199821,0
2026-04-02 09:37:57.441499,0
2026-04-02 09:37:57.644045,0
2026-04-02 09:37:57.823220,0
2026-04-02 09:37:58.045466,0
2026-04-02 09:37:58.197598,0
2026-04-02 09:37:58.373870,0
2026-04-02 09:37:58.545668,0
2026-04-02 09:37:58.717315,0
2026-04-02 09:37:58.870648,0
2026-04-02 09:37:59.019977,0
2026-04-02 09:37:59.243749,0
2026-04-02 09:37:59.414375,0
2026-04-02 09:37:59.589680,0
2026-04-02 09:37:59.737086,0
2026-04-02 09:37:59.909622,0
2026-04-02 09:38:00.074805,0
2026-04-02 09:38:00.256021,0
2026-04-02 09:38:00.434931,0
2026-04-02 09:38:00.615582,0
2026-04-02 09:38:00.794734,0
2026-04-02 09:38:00.936838,0
2026-04-02 09:38:01.088130,0
2026-04-02 09:38:01.251726,0
2026-04-02 09:38:01.413968,0
2026-04-02 09:38:01.558219,0
2026-04-02 09:38:01.744238,0
2026-04-02 09:38:01.901060,0
2026-04-02 09:38:02.147323,0
2026-04-02 09:38:02.301025,0
2026-04-02 09:38:02.449171,0
2026-04-02 09:38:02.616637,0
2026-04-02 09:38:02.768181,0
2026-04-02 09:38:02.915574,0
2026-04-02 09:38:03.094320,0
2026-04-02 09:38:03.229836,0
2026-04-02 09:38:03.372823,0
2026-04-02 09:38:03.510980,0
2026-04-02 09:38:03.658643,0
2026-04-02 09:38:03.800183,0
2026-04-02 09:38:03.947349,0
2026-04-02 09:38:04.111301,0
2026-04-02 09:38:04.247658,0
2026-04-02 09:38:04.390867,0
2026-04-02 09:38:04.533072,0
2026-04-02 09:38:04.684312,0
2026-04-02 09:38:04.833660,0
2026-04-02 09:38:04.999543,0
2026-04-02 09:38:05.139995,0
2026-04-02 09:38:05.396670,0
2026-04-02 09:38:05.696982,0
2026-04-02 09:38:05.842996,0
2026-04-02 09:38:05.989550,0
2026-04-02 09:38:06.142441,0
2026-04-02 09:38:06.277336,0
2026-04-02 09:38:06.538077,0
2026-04-02 09:38:06.689130,0
2026-04-02 09:38:06.831783,0
2026-04-02 09:38:07.011090,0
2026-04-02 09:38:07.162113,0
2026-04-02 09:38:07.298479,0
2026-04-02 09:38:07.444256,0
2026-04-02 09:38:07.620697,0
2026-04-02 09:38:07.751861,0
2026-04-02 09:38:07.905050,0
2026-04-02 09:38:08.040410,0
2026-04-02 09:38:08.183011,0
2026-04-02 09:38:08.334093,0
2026-04-02 09:38:08.472565,0
2026-04-02 09:38:08.613372,0
2026-04-02 09:38:08.779935,0
2026-04-02 09:38:08.928181,0
2026-04-02 09:38:09.078651,0
2026-04-02 09:38:09.237288,0
2026-04-02 09:38:09.376156,0
2026-04-02 09:38:09.512887,0
2026-04-02 09:38:09.670467,0
2026-04-02 09:38:09.815773,0
2026-04-02 09:38:10.004347,0
2026-04-02 09:38:10.164702,0
2026-04-02 09:38:10.312841,0
2026-04-02 09:38:10.464038,0
2026-04-02 09:38:10.616105,0
2026-04-02 09:38:10.753625,0
2026-04-02 09:38:10.997486,0
2026-04-02 09:38:11.160423,0
2026-04-02 09:38:11.346940,0
2026-04-02 09:38:11.507681,0
2026-04-02 09:38:11.658488,0
2026-04-02 09:38:11.811418,0
2026-04-02 09:38:11.974917,0
2026-04-02 09:38:12.168867,0
2026-04-02 09:38:12.308478,0
2026-04-02 09:38:12.488455,0
2026-04-02 09:38:12.652058,0
2026-04-02 09:38:12.800641,0
2026-04-02 09:38:12.971111,0
2026-04-02 09:38:13.124895,0
2026-04-02 09:38:13.273203,0
2026-04-02 09:38:13.447319,0
2026-04-02 09:38:13.601995,0
2026-04-02 09:38:13.752725,0
2026-04-02 09:38:13.901475,0
2026-04-02 09:38:14.064379,0
2026-04-02 09:38:14.218179,0
2026-04-02 09:38:14.381858,0
2026-04-02 09:38:14.526813,0
2026-04-02 09:38:14.705427,0
2026-04-02 09:38:14.851180,0
2026-04-02 09:38:15.006316,0
2026-04-02 09:38:15.150405,0
2026-04-02 09:38:15.288561,0
2026-04-02 09:38:15.524441,0
2026-04-02 09:38:15.676353,0
2026-04-02 09:38:15.867046,0
2026-04-02 09:38:16.016734,0
2026-04-02 09:38:16.178483,0
2026-04-02 09:38:16.354850,0
2026-04-02 09:38:16.718050,0
2026-04-02 09:38:53.487482,1
2026-04-02 09:39:01.116097,1
2026-04-02 09:39:15.281695,1
2026-04-02 22:03:29.850168,8
2026-04-02 22:05:12.644954,0
2026-04-02 22:05:12.794244,0
2026-04-02 22:05:12.940795,0
2026-04-02 22:05:13.076602,0
2026-04-02 22:05:13.213301,0
2026-04-02 22:05:13.381757,0
2026-04-02 22:05:13.551006,0
2026-04-02 22:05:13.698595,0
2026-04-02 22:05:13.857771,0
2026-04-02 22:05:13.995620,0
2026-04-02 22:05:14.152189,0
2026-04-02 22:05:14.292859,0
2026-04-02 22:05:14.427255,0
2026-04-02 22:05:14.570422,0
2026-04-02 22:05:14.735346,0
2026-04-02 22:05:14.874764,0
2026-04-02 22:05:15.009274,0
2026-04-02 22:05:15.143467,0
2026-04-02 22:05:15.292449,0
2026-04-02 22:05:15.428819,0
2026-04-02 22:05:15.569334,0
2026-04-02 22:05:15.709267,0
2026-04-02 22:05:15.849914,0
2026-04-02 22:05:15.996207,0
2026-04-02 22:05:16.129690,0
2026-04-02 22:05:16.282120,0
2026-04-02 22:05:16.456613,0
2026-04-02 22:05:16.627945,0
2026-04-02 22:05:16.805524,0
2026-04-02 22:05:16.970275,0
2026-04-02 22:05:17.227790,0
2026-04-02 22:05:17.510197,1
2026-04-02 22:05:17.712749,3
2026-04-02 22:05:17.895630,3
2026-04-02 22:05:18.070452,3
2026-04-02 22:05:18.211451,2
2026-04-02 22:05:18.598810,2
2026-04-02 22:05:18.742440,2
2026-04-02 22:05:18.892571,2
2026-04-02 22:05:19.035733,3
2026-04-02 22:05:19.181739,2
2026-04-02 22:05:19.341999,2
2026-04-02 22:05:19.488527,3
2026-04-02 22:05:19.634020,2
2026-04-02 22:05:19.782750,2
2026-04-02 22:05:19.922416,2
2026-04-02 22:05:20.071306,2
2026-04-02 22:05:20.224927,3
2026-04-02 22:05:20.373583,4
2026-04-02 22:05:20.517063,3
2026-04-02 22:05:20.672486,2
2026-04-02 22:05:20.818653,2
2026-04-02 22:05:20.959667,2
2026-04-02 22:05:21.159984,2
2026-04-02 22:05:21.316446,2
2026-04-02 22:05:21.470708,2
2026-04-02 22:05:21.620493,2
2026-04-02 22:05:21.763878,2
2026-04-02 22:05:21.904776,3
2026-04-02 22:05:22.047850,3
2026-04-02 22:05:22.203041,3
2026-04-02 22:05:22.347850,3
2026-04-02 22:05:22.492296,2
2026-04-02 22:05:22.646216,2
2026-04-02 22:05:22.793738,2
2026-04-02 22:05:22.942857,2
2026-04-02 22:05:23.087386,2
2026-04-02 22:05:23.227146,2
2026-04-02 22:05:23.377331,2
2026-04-02 22:05:23.530745,3
2026-04-02 22:05:23.674292,4
2026-04-02 22:05:23.821688,2
2026-04-02 22:05:24.038634,3
2026-04-02 22:05:24.174884,3
2026-04-02 22:05:24.326612,2
2026-04-02 22:05:24.461964,2
2026-04-02 22:05:24.609134,2
2026-04-02 22:05:24.750761,2
2026-04-02 22:05:24.899367,2
2026-04-02 22:05:25.046644,2
2026-04-02 22:05:25.185632,2
2026-04-02 22:05:25.328703,2
2026-04-02 22:05:25.480244,2
2026-04-02 22:05:25.615853,2
2026-04-02 22:05:25.757616,3
2026-04-02 22:05:25.909095,3
2026-04-02 22:05:26.059666,3
2026-04-02 22:05:26.219780,3
2026-04-02 22:05:26.391792,3
2026-04-02 22:05:26.539172,2
2026-04-02 22:05:26.678978,3
2026-04-02 22:05:26.826188,3
2026-04-02 22:05:26.965765,3
2026-04-02 22:05:27.099655,2
2026-04-02 22:05:27.243379,3
2026-04-02 22:05:27.388016,3
2026-04-02 22:05:27.536023,4
2026-04-02 22:05:27.668668,2
2026-04-02 22:05:27.808476,2
2026-04-02 22:05:27.954719,3
2026-04-02 22:05:28.131047,3
2026-04-02 22:05:28.271287,3
2026-04-02 22:05:28.424686,3
2026-04-02 22:05:28.563592,3
2026-04-02 22:05:28.707695,3
2026-04-02 22:05:28.844626,3
2026-04-02 22:05:28.989829,3
2026-04-02 22:05:29.128584,3
2026-04-02 22:05:29.280796,4
2026-04-02 22:05:29.419645,3
2026-04-02 22:05:29.561520,3
2026-04-02 22:05:29.702448,3
2026-04-02 22:05:29.852277,4
2026-04-02 22:05:30.012403,3
2026-04-02 22:05:30.145381,3
2026-04-02 22:05:30.296863,2
2026-04-02 22:05:30.495728,3
2026-04-02 22:05:30.635741,3
2026-04-02 22:05:30.772441,3
2026-04-02 22:05:30.917055,2
2026-04-02 22:05:31.063289,2
2026-04-02 22:05:31.201910,1
2026-04-02 22:05:31.358081,2
2026-04-02 22:05:31.504881,2
2026-04-02 22:05:31.653877,2
2026-04-02 22:05:31.794114,1
2026-04-02 22:05:31.938398,3
2026-04-02 22:05:32.093200,2
2026-04-02 22:05:32.227311,1
2026-04-02 22:05:32.361399,2
2026-04-02 22:05:32.504500,2
2026-04-02 22:05:32.637522,3
2026-04-02 22:05:32.776174,1
2026-04-02 22:05:32.912676,1
2026-04-02 22:05:33.044811,2
2026-04-02 22:05:33.200941,1
2026-04-02 22:05:33.361404,1
2026-04-02 22:05:33.507602,1
2026-04-02 22:05:33.665899,1
2026-04-02 22:05:33.809254,1
2026-04-02 22:05:33.960665,1
2026-04-02 22:05:34.114681,2
2026-04-02 22:05:34.251939,2
2026-04-02 22:05:34.401337,2
2026-04-02 22:05:34.554276,2
2026-04-02 22:05:34.697923,2
2026-04-02 22:05:34.828843,1
2026-04-02 22:05:34.974189,2
2026-04-02 22:05:35.108095,2
2026-04-02 22:05:35.254753,1
2026-04-02 22:06:02.301898,1
2026-04-02 22:06:02.449373,2
2026-04-02 22:06:02.596201,2
2026-04-02 22:06:02.772069,0
2026-04-02 22:06:03.009185,2
2026-04-02 22:06:03.193575,1
2026-04-02 22:06:03.411988,1
2026-04-02 22:06:03.570648,3
2026-04-02 22:06:03.756428,2
2026-04-02 22:06:03.945244,2
2026-04-02 22:06:04.113373,2
2026-04-02 22:06:04.321987,2
2026-04-02 22:06:04.477333,2
2026-04-02 22:06:04.644678,1
2026-04-02 22:06:04.811356,2
2026-04-02 22:06:04.985210,2
2026-04-02 22:06:05.131170,1
2026-04-02 22:06:05.278229,1
2026-04-02 22:06:05.414934,2
2026-04-02 22:06:05.589645,2
2026-04-02 22:06:05.730899,3
2026-04-02 22:06:05.870542,3
2026-04-02 22:06:06.006102,3
2026-04-02 22:06:06.150557,3
2026-04-02 22:06:06.335472,2
2026-04-02 22:06:06.496823,1
2026-04-02 22:06:06.643770,1
2026-04-02 22:06:06.786671,1
2026-04-02 22:06:06.953924,1
2026-04-02 22:06:07.125035,1
2026-04-02 22:06:07.307597,1
2026-04-02 22:06:07.443650,1
2026-04-02 22:06:07.581564,1
2026-04-02 22:06:07.716313,1
2026-04-02 22:06:07.859523,1
2026-04-02 22:06:07.993160,1
2026-04-02 22:06:08.137722,1
2026-04-02 22:06:08.273637,1
2026-04-02 22:06:08.409229,1
2026-04-02 22:06:08.549365,1
2026-04-02 22:06:08.708859,1
2026-04-02 22:06:08.865761,1
2026-04-02 22:06:09.019629,1
2026-04-02 22:06:09.173108,2
2026-04-02 22:06:09.313442,1
2026-04-02 22:06:09.447669,2
2026-04-02 22:06:09.587807,3
2026-04-02 22:06:09.788813,2
2026-04-02 22:06:09.925518,2
2026-04-02 22:06:10.067420,2
2026-04-02 22:06:10.200066,2
2026-04-02 22:06:10.348622,2
2026-04-02 22:06:10.483375,1
2026-04-02 22:06:10.624967,1
2026-04-02 22:06:10.760942,1
2026-04-02 22:06:10.897338,1
2026-04-02 22:06:11.032567,2
2026-04-02 22:06:11.165472,1
2026-04-02 22:06:11.302188,1
2026-04-02 22:06:11.449781,1
2026-04-02 22:06:11.583027,1
2026-04-02 22:06:11.743659,2
2026-04-02 22:06:11.906799,1
2026-04-02 22:06:12.079849,2
2026-04-02 22:06:12.250964,2
2026-04-02 22:06:12.433475,2
2026-04-02 22:06:12.582273,2
2026-04-02 22:06:12.749362,2
2026-04-02 22:06:12.893154,2
2026-04-02 22:06:13.034487,2
2026-04-02 22:06:13.181604,3
2026-04-02 22:06:13.317651,2
2026-04-02 22:06:13.461478,2
2026-04-02 22:06:13.600169,2
2026-04-02 22:06:13.739025,3
2026-04-02 22:06:13.883234,4
2026-04-02 22:06:14.010023,3
2026-04-02 22:06:14.148589,2
2026-04-02 22:06:14.276087,3
2026-04-02 22:06:14.433016,3
2026-04-02 22:06:14.588334,2
2026-04-02 22:06:14.738193,3
2026-04-02 22:06:14.880188,3
2026-04-02 22:06:15.059307,3
2026-04-02 22:06:15.188658,2
2026-04-02 22:06:15.323099,2
2026-04-02 22:06:15.455900,2
2026-04-02 22:06:15.593550,2
2026-04-02 22:06:15.726108,3
2026-04-02 22:06:15.867636,3
2026-04-02 22:06:16.001733,1
2026-04-02 22:06:16.140875,1
2026-04-02 22:06:16.273991,1
2026-04-02 22:06:16.414532,1
2026-04-02 22:06:16.550817,2
2026-04-02 22:06:16.688499,1
2026-04-02 22:06:16.817618,2
2026-04-02 22:06:16.951423,2
2026-04-02 22:06:17.091550,2
2026-04-02 22:06:17.224500,2
2026-04-02 22:06:17.362919,2
2026-04-02 22:06:17.496278,2
2026-04-02 22:06:17.639700,2
2026-04-02 22:06:17.806060,2
2026-04-02 22:06:17.965607,2
2026-04-02 22:06:18.130089,1
2026-04-02 22:06:18.272752,2
2026-04-02 22:06:18.435449,2
2026-04-02 22:06:18.576093,1
2026-04-02 22:06:18.719914,2
2026-04-02 22:06:18.864834,1
2026-04-02 22:06:19.010237,2
2026-04-02 22:06:19.146228,2
2026-04-02 22:06:19.279216,1
2026-04-02 22:06:19.433015,2
2026-04-02 22:06:19.571643,1
2026-04-02 22:06:20.236887,2
2026-04-09 07:54:33.211517,2
2026-04-09 07:54:33.890194,1
2026-04-09 07:54:34.202857,1
2026-04-09 07:54:34.423282,3
2026-04-09 07:54:34.664188,2
2026-04-09 07:54:34.865717,2
2026-04-09 07:54:35.073895,2
2026-04-09 07:54:35.323346,2
2026-04-09 07:54:35.507936,3
2026-04-09 07:54:35.736617,3
2026-04-09 07:54:35.937437,4
2026-04-09 07:54:36.149948,3
2026-04-09 07:54:36.404079,3
2026-04-09 07:54:36.622135,4
2026-04-09 07:54:36.812148,2
2026-04-09 07:54:36.997385,1
2026-04-09 07:54:37.207597,1
2026-04-09 07:54:37.386571,2
2026-04-09 07:54:37.576238,2
2026-04-09 07:54:37.792542,1
2026-04-09 07:54:37.985107,1
2026-04-09 07:54:38.126606,1
2026-04-09 07:54:38.314264,2
2026-04-09 07:54:38.499913,3
2026-04-09 07:54:38.644501,3
2026-04-09 07:54:38.836395,2
2026-04-09 07:54:38.986984,1
2026-04-09 07:54:39.138356,2
2026-04-09 07:54:39.441795,2
2026-04-09 07:54:39.596888,2
2026-04-09 07:54:39.749602,2
2026-04-09 07:54:39.968637,2
2026-04-09 07:54:40.124868,2
2026-04-09 07:54:40.308483,3
2026-04-09 07:54:40.527933,1
2026-04-09 07:54:40.727932,2
2026-04-09 07:54:40.905718,2
2026-04-09 07:54:41.063122,2
2026-04-09 07:54:41.293208,2
2026-04-09 07:54:41.472942,2
2026-04-09 07:54:41.658407,2
2026-04-09 07:54:41.846224,2
2026-04-09 07:54:42.093981,2
2026-04-09 07:54:42.378994,2
2026-04-09 07:54:42.546779,2
2026-04-09 07:54:42.731831,3
2026-04-09 07:54:42.886683,2
2026-04-09 07:54:43.095464,2
2026-04-09 07:54:43.242574,1
2026-04-09 07:54:43.424018,2
2026-04-09 07:54:43.657559,2
2026-04-09 07:54:43.841033,2
2026-04-09 07:54:44.021097,3
2026-04-09 07:54:44.193792,5
2026-04-09 07:54:44.361323,3
2026-04-09 07:54:44.555356,3
2026-04-09 07:54:44.750211,4
2026-04-09 07:54:44.916632,2
2026-04-09 07:54:45.065068,2
2026-04-09 07:54:45.252762,2
2026-04-09 07:54:45.429989,2
2026-04-09 07:54:45.591352,2
2026-04-09 07:54:45.766150,2
2026-04-09 07:54:46.224264,2
2026-04-09 07:55:07.243873,3
2026-04-09 07:55:07.527074,2
2026-04-09 07:55:07.786454,2
2026-04-09 07:55:07.940151,2
2026-04-09 07:55:08.185288,2
2026-04-09 07:55:08.449380,2
2026-04-09 07:55:08.618042,3
2026-04-09 07:55:08.877039,2
2026-04-09 07:55:09.091278,2
2026-04-09 07:55:09.267782,2
2026-04-09 07:55:09.459215,2
2026-04-09 07:55:09.705933,2
2026-04-09 07:55:09.923584,3
2026-04-09 07:55:10.080071,3
2026-04-09 07:55:10.252416,2
2026-04-09 07:55:10.446969,2
2026-04-09 07:55:10.662442,3
2026-04-09 07:55:10.930993,2
2026-04-09 07:55:11.178053,2
2026-04-09 07:55:11.440730,2
2026-04-09 07:55:11.632655,2
2026-04-09 07:55:11.778087,2
2026-04-09 07:55:12.163937,2
2026-04-09 07:55:12.412978,2
2026-04-09 07:55:12.591296,2
2026-04-09 07:55:12.801156,2
2026-04-09 07:55:12.962120,2
2026-04-09 07:55:13.238666,2
2026-04-09 07:55:13.415122,2
2026-04-09 07:55:13.604192,2
2026-04-09 07:55:13.782340,2
2026-04-09 07:55:13.961027,2
2026-04-09 07:55:14.170559,2
2026-04-09 07:55:14.315143,2
2026-04-09 07:55:14.466865,2
2026-04-09 07:55:14.623973,2
2026-04-09 07:55:14.932278,2
2026-04-09 07:55:15.166693,3
2026-04-09 07:55:15.711977,2
2026-04-09 07:55:15.925188,3
2026-04-09 07:55:16.192917,3
2026-04-09 07:55:16.419569,2
2026-04-09 07:55:16.702066,2
2026-04-09 07:55:16.951982,2
2026-04-09 07:55:17.184966,2
2026-04-09 07:55:17.391101,2
2026-04-09 07:55:17.607014,2
2026-04-09 07:55:17.803404,2
2026-04-09 07:55:18.032003,2
2026-04-09 07:55:18.222447,3
2026-04-09 07:55:18.399129,4
2026-04-09 07:55:18.751962,3
2026-04-09 07:55:18.917431,3
2026-04-09 07:55:19.097367,3
2026-04-09 07:55:19.291732,3
2026-04-09 07:55:19.486880,2
2026-04-09 07:55:19.973283,1
2026-04-09 07:55:20.152701,2
2026-04-09 07:55:20.342386,2
2026-04-09 07:55:20.511367,0
2026-04-09 07:55:20.667251,2
2026-04-09 07:55:20.911086,1
2026-04-09 07:55:21.096927,1
2026-04-09 07:55:21.289022,3
2026-04-09 07:55:21.460597,2
2026-04-09 07:55:21.625698,2
2026-04-09 07:55:21.821,2
2026-04-09 07:55:21.990660,2
2026-04-09 07:55:22.140635,2
2026-04-09 07:55:22.319416,1
2026-04-09 07:55:22.516804,2
2026-04-09 07:55:22.659837,2
2026-04-09 07:55:22.853778,1
2026-04-09 07:55:23.107644,1
2026-04-09 07:55:23.280384,2
2026-04-09 07:55:23.466581,2
2026-04-09 07:55:23.635,3
2026-04-09 07:55:23.833068,3
2026-04-09 07:55:24.027264,3
2026-04-09 07:55:24.187517,3
2026-04-09 07:55:24.343311,2
2026-04-09 07:55:24.549532,1
2026-04-09 07:55:24.769434,1
2026-04-09 07:55:24.943225,1
2026-04-09 07:55:25.077063,1
2026-04-09 07:55:25.216936,1
2026-04-09 07:55:25.427906,1
2026-04-09 07:55:25.570180,1
2026-04-09 07:55:25.738606,1
2026-04-09 07:55:25.940670,1
2026-04-09 07:55:26.110209,1
2026-04-09 07:55:26.286505,1
2026-04-09 07:55:26.518430,1
2026-04-09 07:55:26.661709,1
2026-04-09 07:55:26.834407,1
2026-04-09 07:55:26.999236,1
2026-04-09 07:55:27.275677,1
2026-04-09 07:55:27.417956,1
2026-04-09 07:55:27.616233,1
2026-04-09 07:55:27.754110,2
2026-04-09 07:55:27.944692,1
2026-04-09 07:55:28.102526,2
2026-04-09 07:55:28.241205,3
2026-04-09 07:55:28.432911,2
2026-04-09 07:55:28.596634,2
2026-04-09 07:55:28.730879,2
2026-04-09 07:55:28.867944,2
2026-04-09 07:55:29.066813,2
2026-04-09 07:55:29.202302,1
2026-04-09 07:55:29.350083,1
2026-04-09 07:55:29.500828,1
2026-04-09 07:55:29.679937,1
2026-04-09 07:55:29.820950,2
2026-04-09 07:55:29.964243,1
2026-04-09 07:55:30.096761,1
2026-04-09 07:55:30.266034,1
2026-04-09 07:55:30.435219,1
2026-04-09 07:55:30.578292,2
2026-04-09 07:55:30.735491,1
2026-04-09 07:55:30.938055,2
2026-04-09 07:55:31.112924,2
2026-04-09 07:55:31.265732,2
2026-04-09 07:55:31.471253,2
2026-04-09 07:55:31.602483,2
2026-04-09 07:55:31.771661,2
2026-04-09 07:55:31.949696,2
2026-04-09 07:55:32.147744,3
2026-04-09 07:55:32.300438,2
2026-04-09 07:55:32.493967,2
2026-04-09 07:55:32.633468,2
2026-04-09 07:55:32.771366,3
2026-04-09 07:55:32.954088,4
2026-04-09 07:55:33.128288,3
2026-04-09 07:55:33.275559,2
2026-04-09 07:55:33.458734,3
2026-04-09 07:55:33.606919,3
2026-04-09 07:55:33.736166,2
2026-04-09 07:55:34.010784,3
2026-04-09 07:55:34.205592,3
2026-04-09 07:55:34.388328,3
2026-04-09 07:55:34.557844,2
2026-04-09 07:55:34.708327,2
2026-04-09 07:55:34.867033,2
2026-04-09 07:55:35.056100,2
2026-04-09 07:55:35.207367,3
2026-04-09 07:55:35.371414,3
2026-04-09 07:55:35.511252,1
2026-04-09 07:55:35.672769,1
2026-04-09 07:55:35.865643,1
2026-04-09 07:55:35.998368,1
2026-04-09 07:55:36.132060,2
2026-04-09 07:55:36.298136,1
2026-04-09 07:55:36.465871,2
2026-04-09 07:55:36.629645,2
2026-04-09 07:55:36.803714,2
2026-04-09 07:55:36.975036,2
2026-04-09 07:55:37.112601,2
2026-04-09 07:55:37.284519,2
2026-04-09 07:55:37.447990,2
2026-04-09 07:55:37.642599,2
2026-04-09 07:55:37.781947,2
2026-04-09 07:55:37.960460,1
2026-04-09 07:55:38.106100,2
2026-04-09 07:55:38.275948,2
2026-04-09 07:55:38.447292,1
2026-04-09 07:55:38.597164,2
2026-04-09 07:55:38.728740,1
2026-04-09 07:55:38.880827,2
2026-04-09 07:55:39.062934,2
2026-04-09 07:55:39.205643,1
2026-04-09 07:55:39.344926,2
2026-04-09 07:55:39.530210,1
2026-04-09 07:55:39.698589,2
2026-04-09 07:55:40.025121,2
2026-04-09 07:55:40.240341,2
2026-04-09 07:55:40.376109,3
2026-04-09 07:55:40.561325,2
2026-04-09 07:55:40.715167,2
2026-04-09 07:55:41.478684,2
2026-04-09 07:55:55.593292,1
2026-05-02 22:08:13.470271,0
